Lot_ID,Product_ID,Expiry_Date
LOT-0001,PRD-001,8/2/2028
LOT-0002,PRD-001,8/17/2025
LOT-0003,PRD-001,2/21/2025
LOT-0004,PRD-001,7/18/2026
LOT-0005,PRD-001,5/17/2026
LOT-0006,PRD-001,4/3/2026
LOT-0007,PRD-001,10/13/2025
LOT-0008,PRD-001,7/29/2025
LOT-0009,PRD-001,10/17/2028
LOT-0010,PRD-001,1/22/2028
LOT-0011,PRD-002,6/28/2025
LOT-0012,PRD-002,4/24/2028
LOT-0013,PRD-002,5/15/2027
LOT-0014,PRD-002,3/7/2025
LOT-0015,PRD-002,3/3/2025
LOT-0016,PRD-002,7/11/2025
LOT-0017,PRD-002,3/24/2026
LOT-0018,PRD-002,4/22/2026
LOT-0019,PRD-002,11/1/2027
LOT-0020,PRD-002,5/17/2028
LOT-0021,PRD-003,2/24/2025
LOT-0022,PRD-003,2/24/2028
LOT-0023,PRD-003,2/12/2026
LOT-0024,PRD-003,8/23/2028
LOT-0025,PRD-003,12/7/2028
LOT-0026,PRD-003,1/22/2028
LOT-0027,PRD-003,5/10/2027
LOT-0028,PRD-003,3/28/2026
LOT-0029,PRD-003,7/9/2027
LOT-0030,PRD-003,4/21/2028
LOT-0031,PRD-004,7/24/2026
LOT-0032,PRD-004,1/14/2025
LOT-0033,PRD-004,11/23/2025
LOT-0034,PRD-004,11/30/2028
LOT-0035,PRD-004,5/16/2027
LOT-0036,PRD-004,11/28/2026
LOT-0037,PRD-004,7/24/2026
LOT-0038,PRD-004,11/15/2025
LOT-0039,PRD-004,3/17/2026
LOT-0040,PRD-004,11/21/2026
LOT-0041,PRD-005,7/29/2025
LOT-0042,PRD-005,7/9/2025
LOT-0043,PRD-005,2/18/2027
LOT-0044,PRD-005,7/18/2025
LOT-0045,PRD-005,1/6/2027
LOT-0046,PRD-005,12/6/2026
LOT-0047,PRD-005,5/21/2028
LOT-0048,PRD-005,6/26/2026
LOT-0049,PRD-005,3/30/2025
LOT-0050,PRD-005,7/30/2027
LOT-0051,PRD-006,1/4/2028
LOT-0052,PRD-006,9/13/2025
LOT-0053,PRD-006,2/15/2027
LOT-0054,PRD-006,6/11/2025
LOT-0055,PRD-006,2/5/2028
LOT-0056,PRD-006,8/24/2026
LOT-0057,PRD-006,7/11/2028
LOT-0058,PRD-006,6/20/2028
LOT-0059,PRD-006,1/11/2027
LOT-0060,PRD-006,3/28/2028
LOT-0061,PRD-007,1/29/2026
LOT-0062,PRD-007,12/13/2028
LOT-0063,PRD-007,5/23/2025
LOT-0064,PRD-007,4/4/2025
LOT-0065,PRD-007,9/16/2028
LOT-0066,PRD-007,4/12/2026
LOT-0067,PRD-007,8/16/2026
LOT-0068,PRD-007,6/13/2025
LOT-0069,PRD-007,4/22/2026
LOT-0070,PRD-007,7/26/2025
LOT-0071,PRD-008,2/18/2027
LOT-0072,PRD-008,7/24/2026
LOT-0073,PRD-008,7/18/2027
LOT-0074,PRD-008,7/25/2028
LOT-0075,PRD-008,1/18/2027
LOT-0076,PRD-008,11/30/2025
LOT-0077,PRD-008,1/29/2027
LOT-0078,PRD-008,12/29/2026
LOT-0079,PRD-008,3/6/2026
LOT-0080,PRD-008,10/4/2028
LOT-0081,PRD-009,7/1/2026
LOT-0082,PRD-009,12/8/2028
LOT-0083,PRD-009,10/31/2028
LOT-0084,PRD-009,8/20/2028
LOT-0085,PRD-009,5/27/2025
LOT-0086,PRD-009,6/1/2028
LOT-0087,PRD-009,7/24/2028
LOT-0088,PRD-009,12/17/2025
LOT-0089,PRD-009,12/30/2027
LOT-0090,PRD-009,5/17/2026
LOT-0091,PRD-010,12/1/2025
LOT-0092,PRD-010,8/5/2027
LOT-0093,PRD-010,2/17/2027
LOT-0094,PRD-010,7/7/2026
LOT-0095,PRD-010,8/3/2028
LOT-0096,PRD-010,11/10/2028
LOT-0097,PRD-010,2/15/2028
LOT-0098,PRD-010,3/26/2026
LOT-0099,PRD-010,11/3/2028
LOT-0100,PRD-010,10/27/2026
LOT-0101,PRD-011,4/25/2025
LOT-0102,PRD-011,4/15/2026
LOT-0103,PRD-011,3/7/2025
LOT-0104,PRD-011,10/9/2026
LOT-0105,PRD-011,4/2/2027
LOT-0106,PRD-011,7/3/2026
LOT-0107,PRD-011,5/16/2025
LOT-0108,PRD-011,3/9/2026
LOT-0109,PRD-011,3/7/2028
LOT-0110,PRD-011,10/7/2026
LOT-0111,PRD-012,3/12/2026
LOT-0112,PRD-012,9/4/2028
LOT-0113,PRD-012,10/20/2027
LOT-0114,PRD-012,3/22/2027
LOT-0115,PRD-012,8/9/2028
LOT-0116,PRD-012,7/29/2027
LOT-0117,PRD-012,10/20/2025
LOT-0118,PRD-012,6/27/2026
LOT-0119,PRD-012,10/13/2025
LOT-0120,PRD-012,5/21/2026
LOT-0121,PRD-013,2/24/2028
LOT-0122,PRD-013,1/9/2028
LOT-0123,PRD-013,6/23/2026
LOT-0124,PRD-013,4/12/2028
LOT-0125,PRD-013,5/28/2027
LOT-0126,PRD-013,4/10/2028
LOT-0127,PRD-013,3/29/2027
LOT-0128,PRD-013,1/12/2027
LOT-0129,PRD-013,3/26/2026
LOT-0130,PRD-013,10/11/2025
LOT-0131,PRD-014,11/10/2027
LOT-0132,PRD-014,10/8/2027
LOT-0133,PRD-014,7/6/2025
LOT-0134,PRD-014,4/7/2025
LOT-0135,PRD-014,8/13/2025
LOT-0136,PRD-014,11/10/2025
LOT-0137,PRD-014,7/9/2028
LOT-0138,PRD-014,11/24/2025
LOT-0139,PRD-014,10/25/2028
LOT-0140,PRD-014,5/15/2027
LOT-0141,PRD-015,5/6/2028
LOT-0142,PRD-015,5/11/2025
LOT-0143,PRD-015,2/28/2027
LOT-0144,PRD-015,2/21/2027
LOT-0145,PRD-015,5/5/2028
LOT-0146,PRD-015,8/17/2027
LOT-0147,PRD-015,12/20/2027
LOT-0148,PRD-015,5/30/2026
LOT-0149,PRD-015,2/8/2028
LOT-0150,PRD-015,1/24/2025
LOT-0151,PRD-016,10/25/2028
LOT-0152,PRD-016,8/23/2025
LOT-0153,PRD-016,10/28/2028
LOT-0154,PRD-016,1/5/2028
LOT-0155,PRD-016,7/1/2026
LOT-0156,PRD-016,8/5/2028
LOT-0157,PRD-016,11/28/2026
LOT-0158,PRD-016,8/17/2025
LOT-0159,PRD-016,8/25/2026
LOT-0160,PRD-016,6/10/2027
LOT-0161,PRD-017,11/20/2025
LOT-0162,PRD-017,7/19/2027
LOT-0163,PRD-017,1/7/2025
LOT-0164,PRD-017,6/24/2026
LOT-0165,PRD-017,10/23/2027
LOT-0166,PRD-017,1/1/2026
LOT-0167,PRD-017,11/6/2027
LOT-0168,PRD-017,8/6/2025
LOT-0169,PRD-017,7/4/2028
LOT-0170,PRD-017,9/4/2026
LOT-0171,PRD-018,8/1/2028
LOT-0172,PRD-018,11/6/2027
LOT-0173,PRD-018,6/1/2028
LOT-0174,PRD-018,2/12/2026
LOT-0175,PRD-018,11/10/2025
LOT-0176,PRD-018,2/5/2027
LOT-0177,PRD-018,11/27/2025
LOT-0178,PRD-018,1/10/2028
LOT-0179,PRD-018,12/23/2027
LOT-0180,PRD-018,1/2/2025
LOT-0181,PRD-019,5/11/2028
LOT-0182,PRD-019,10/26/2026
LOT-0183,PRD-019,9/28/2027
LOT-0184,PRD-019,2/9/2025
LOT-0185,PRD-019,8/18/2025
LOT-0186,PRD-019,1/14/2027
LOT-0187,PRD-019,9/22/2026
LOT-0188,PRD-019,5/6/2026
LOT-0189,PRD-019,4/29/2025
LOT-0190,PRD-019,5/9/2026
LOT-0191,PRD-020,3/7/2028
LOT-0192,PRD-020,6/11/2025
LOT-0193,PRD-020,6/25/2025
LOT-0194,PRD-020,9/23/2027
LOT-0195,PRD-020,5/22/2025
LOT-0196,PRD-020,12/27/2027
LOT-0197,PRD-020,9/15/2025
LOT-0198,PRD-020,9/20/2025
LOT-0199,PRD-020,9/13/2028
LOT-0200,PRD-020,9/1/2027
LOT-0201,PRD-021,1/31/2028
LOT-0202,PRD-021,12/5/2025
LOT-0203,PRD-021,6/27/2026
LOT-0204,PRD-021,12/17/2027
LOT-0205,PRD-021,5/27/2028
LOT-0206,PRD-021,5/17/2027
LOT-0207,PRD-021,3/10/2026
LOT-0208,PRD-021,1/10/2028
LOT-0209,PRD-021,11/13/2028
LOT-0210,PRD-021,2/16/2026
LOT-0211,PRD-022,10/1/2026
LOT-0212,PRD-022,3/29/2027
LOT-0213,PRD-022,10/7/2028
LOT-0214,PRD-022,8/23/2028
LOT-0215,PRD-022,2/4/2027
LOT-0216,PRD-022,6/17/2027
LOT-0217,PRD-022,11/26/2027
LOT-0218,PRD-022,7/14/2027
LOT-0219,PRD-022,9/5/2025
LOT-0220,PRD-022,5/23/2026
LOT-0221,PRD-023,4/6/2026
LOT-0222,PRD-023,5/12/2025
LOT-0223,PRD-023,11/24/2026
LOT-0224,PRD-023,2/13/2025
LOT-0225,PRD-023,4/19/2028
LOT-0226,PRD-023,2/9/2028
LOT-0227,PRD-023,4/17/2026
LOT-0228,PRD-023,4/20/2028
LOT-0229,PRD-023,3/28/2026
LOT-0230,PRD-023,1/15/2025
LOT-0231,PRD-024,5/26/2025
LOT-0232,PRD-024,12/20/2028
LOT-0233,PRD-024,7/16/2028
LOT-0234,PRD-024,5/1/2025
LOT-0235,PRD-024,4/14/2026
LOT-0236,PRD-024,5/19/2025
LOT-0237,PRD-024,3/6/2025
LOT-0238,PRD-024,11/8/2026
LOT-0239,PRD-024,5/26/2025
LOT-0240,PRD-024,11/19/2027
LOT-0241,PRD-025,5/3/2026
LOT-0242,PRD-025,7/25/2026
LOT-0243,PRD-025,10/2/2028
LOT-0244,PRD-025,9/22/2027
LOT-0245,PRD-025,3/15/2026
LOT-0246,PRD-025,1/10/2028
LOT-0247,PRD-025,9/28/2025
LOT-0248,PRD-025,3/15/2028
LOT-0249,PRD-025,3/26/2028
LOT-0250,PRD-025,8/27/2027
LOT-0251,PRD-026,5/13/2026
LOT-0252,PRD-026,8/27/2027
LOT-0253,PRD-026,4/14/2027
LOT-0254,PRD-026,1/25/2026
LOT-0255,PRD-026,7/13/2025
LOT-0256,PRD-026,7/18/2025
LOT-0257,PRD-026,9/11/2028
LOT-0258,PRD-026,6/2/2027
LOT-0259,PRD-026,12/27/2026
LOT-0260,PRD-026,5/18/2027
LOT-0261,PRD-027,4/22/2027
LOT-0262,PRD-027,8/15/2027
LOT-0263,PRD-027,4/21/2025
LOT-0264,PRD-027,10/11/2028
LOT-0265,PRD-027,8/31/2028
LOT-0266,PRD-027,8/16/2028
LOT-0267,PRD-027,7/21/2025
LOT-0268,PRD-027,5/5/2025
LOT-0269,PRD-027,4/5/2027
LOT-0270,PRD-027,11/26/2026
LOT-0271,PRD-028,8/12/2025
LOT-0272,PRD-028,5/25/2026
LOT-0273,PRD-028,1/28/2026
LOT-0274,PRD-028,1/25/2026
LOT-0275,PRD-028,1/4/2028
LOT-0276,PRD-028,7/8/2027
LOT-0277,PRD-028,10/15/2025
LOT-0278,PRD-028,5/15/2027
LOT-0279,PRD-028,1/11/2026
LOT-0280,PRD-028,7/25/2026
LOT-0281,PRD-029,8/6/2027
LOT-0282,PRD-029,5/27/2026
LOT-0283,PRD-029,6/4/2025
LOT-0284,PRD-029,6/27/2027
LOT-0285,PRD-029,2/2/2028
LOT-0286,PRD-029,7/20/2025
LOT-0287,PRD-029,4/14/2025
LOT-0288,PRD-029,8/28/2028
LOT-0289,PRD-029,1/13/2028
LOT-0290,PRD-029,1/31/2025
LOT-0291,PRD-030,7/11/2025
LOT-0292,PRD-030,4/30/2026
LOT-0293,PRD-030,12/7/2025
LOT-0294,PRD-030,4/13/2027
LOT-0295,PRD-030,9/22/2027
LOT-0296,PRD-030,9/13/2027
LOT-0297,PRD-030,3/14/2026
LOT-0298,PRD-030,4/2/2027
LOT-0299,PRD-030,5/1/2025
LOT-0300,PRD-030,12/4/2025
LOT-0301,PRD-031,2/16/2027
LOT-0302,PRD-031,1/5/2025
LOT-0303,PRD-031,3/11/2027
LOT-0304,PRD-031,6/28/2026
LOT-0305,PRD-031,7/21/2027
LOT-0306,PRD-031,8/8/2026
LOT-0307,PRD-031,5/17/2027
LOT-0308,PRD-031,11/27/2028
LOT-0309,PRD-031,2/13/2028
LOT-0310,PRD-031,9/17/2028
LOT-0311,PRD-032,9/24/2027
LOT-0312,PRD-032,11/14/2025
LOT-0313,PRD-032,1/24/2026
LOT-0314,PRD-032,8/31/2026
LOT-0315,PRD-032,3/22/2026
LOT-0316,PRD-032,4/30/2025
LOT-0317,PRD-032,4/1/2028
LOT-0318,PRD-032,1/16/2028
LOT-0319,PRD-032,5/5/2025
LOT-0320,PRD-032,10/5/2026
LOT-0321,PRD-033,4/28/2025
LOT-0322,PRD-033,4/13/2025
LOT-0323,PRD-033,4/11/2028
LOT-0324,PRD-033,9/4/2027
LOT-0325,PRD-033,10/27/2027
LOT-0326,PRD-033,12/24/2027
LOT-0327,PRD-033,11/19/2025
LOT-0328,PRD-033,4/27/2025
LOT-0329,PRD-033,11/7/2027
LOT-0330,PRD-033,6/14/2025
LOT-0331,PRD-034,1/16/2026
LOT-0332,PRD-034,5/21/2025
LOT-0333,PRD-034,5/3/2028
LOT-0334,PRD-034,5/20/2025
LOT-0335,PRD-034,10/14/2028
LOT-0336,PRD-034,4/27/2026
LOT-0337,PRD-034,4/7/2027
LOT-0338,PRD-034,9/3/2025
LOT-0339,PRD-034,3/12/2028
LOT-0340,PRD-034,5/20/2026
LOT-0341,PRD-035,3/31/2028
LOT-0342,PRD-035,5/2/2028
LOT-0343,PRD-035,3/23/2025
LOT-0344,PRD-035,6/22/2028
LOT-0345,PRD-035,6/17/2025
LOT-0346,PRD-035,5/9/2027
LOT-0347,PRD-035,9/8/2028
LOT-0348,PRD-035,4/10/2028
LOT-0349,PRD-035,3/3/2028
LOT-0350,PRD-035,12/7/2027
LOT-0351,PRD-036,10/10/2026
LOT-0352,PRD-036,6/19/2026
LOT-0353,PRD-036,2/23/2026
LOT-0354,PRD-036,10/3/2028
LOT-0355,PRD-036,10/6/2026
LOT-0356,PRD-036,5/4/2026
LOT-0357,PRD-036,6/28/2026
LOT-0358,PRD-036,3/22/2027
LOT-0359,PRD-036,9/26/2025
LOT-0360,PRD-036,10/7/2028
LOT-0361,PRD-037,8/14/2028
LOT-0362,PRD-037,9/7/2026
LOT-0363,PRD-037,7/26/2027
LOT-0364,PRD-037,10/10/2026
LOT-0365,PRD-037,5/29/2025
LOT-0366,PRD-037,1/20/2025
LOT-0367,PRD-037,7/28/2027
LOT-0368,PRD-037,6/26/2028
LOT-0369,PRD-037,2/28/2028
LOT-0370,PRD-037,7/24/2025
LOT-0371,PRD-038,5/31/2025
LOT-0372,PRD-038,1/7/2028
LOT-0373,PRD-038,3/13/2026
LOT-0374,PRD-038,11/3/2027
LOT-0375,PRD-038,6/28/2026
LOT-0376,PRD-038,9/29/2025
LOT-0377,PRD-038,12/16/2026
LOT-0378,PRD-038,5/21/2025
LOT-0379,PRD-038,5/16/2026
LOT-0380,PRD-038,1/27/2027
LOT-0381,PRD-039,8/7/2026
LOT-0382,PRD-039,11/20/2025
LOT-0383,PRD-039,6/17/2027
LOT-0384,PRD-039,1/18/2028
LOT-0385,PRD-039,12/11/2028
LOT-0386,PRD-039,9/12/2026
LOT-0387,PRD-039,6/6/2028
LOT-0388,PRD-039,9/1/2028
LOT-0389,PRD-039,12/20/2027
LOT-0390,PRD-039,1/17/2025
LOT-0391,PRD-040,9/29/2028
LOT-0392,PRD-040,2/10/2028
LOT-0393,PRD-040,9/6/2026
LOT-0394,PRD-040,9/20/2028
LOT-0395,PRD-040,8/1/2025
LOT-0396,PRD-040,10/3/2025
LOT-0397,PRD-040,6/26/2026
LOT-0398,PRD-040,8/25/2025
LOT-0399,PRD-040,8/8/2025
LOT-0400,PRD-040,2/8/2028
LOT-0401,PRD-041,11/15/2025
LOT-0402,PRD-041,7/12/2026
LOT-0403,PRD-041,8/1/2026
LOT-0404,PRD-041,5/23/2028
LOT-0405,PRD-041,3/8/2026
LOT-0406,PRD-041,12/4/2026
LOT-0407,PRD-041,2/21/2026
LOT-0408,PRD-041,11/8/2028
LOT-0409,PRD-041,7/22/2028
LOT-0410,PRD-041,6/25/2026
LOT-0411,PRD-042,11/2/2027
LOT-0412,PRD-042,9/28/2027
LOT-0413,PRD-042,5/30/2026
LOT-0414,PRD-042,4/15/2025
LOT-0415,PRD-042,7/9/2025
LOT-0416,PRD-042,7/23/2028
LOT-0417,PRD-042,5/18/2027
LOT-0418,PRD-042,7/21/2026
LOT-0419,PRD-042,4/1/2025
LOT-0420,PRD-042,1/8/2025
LOT-0421,PRD-043,11/15/2026
LOT-0422,PRD-043,9/25/2025
LOT-0423,PRD-043,7/28/2028
LOT-0424,PRD-043,6/21/2026
LOT-0425,PRD-043,11/27/2025
LOT-0426,PRD-043,6/24/2027
LOT-0427,PRD-043,2/4/2028
LOT-0428,PRD-043,12/16/2028
LOT-0429,PRD-043,5/26/2027
LOT-0430,PRD-043,2/23/2028
LOT-0431,PRD-044,1/20/2025
LOT-0432,PRD-044,8/18/2025
LOT-0433,PRD-044,6/4/2025
LOT-0434,PRD-044,11/16/2028
LOT-0435,PRD-044,11/2/2025
LOT-0436,PRD-044,1/23/2028
LOT-0437,PRD-044,3/15/2025
LOT-0438,PRD-044,1/27/2027
LOT-0439,PRD-044,4/7/2028
LOT-0440,PRD-044,2/6/2028
LOT-0441,PRD-045,10/31/2025
LOT-0442,PRD-045,5/31/2027
LOT-0443,PRD-045,9/19/2025
LOT-0444,PRD-045,3/27/2025
LOT-0445,PRD-045,9/24/2026
LOT-0446,PRD-045,1/17/2027
LOT-0447,PRD-045,3/23/2025
LOT-0448,PRD-045,1/3/2027
LOT-0449,PRD-045,3/7/2026
LOT-0450,PRD-045,10/28/2028
LOT-0451,PRD-046,5/27/2026
LOT-0452,PRD-046,9/27/2028
LOT-0453,PRD-046,7/30/2025
LOT-0454,PRD-046,12/26/2026
LOT-0455,PRD-046,2/21/2028
LOT-0456,PRD-046,4/13/2027
LOT-0457,PRD-046,6/25/2028
LOT-0458,PRD-046,11/13/2025
LOT-0459,PRD-046,4/30/2026
LOT-0460,PRD-046,11/29/2025
LOT-0461,PRD-047,12/29/2025
LOT-0462,PRD-047,4/25/2027
LOT-0463,PRD-047,2/20/2025
LOT-0464,PRD-047,1/3/2026
LOT-0465,PRD-047,11/12/2026
LOT-0466,PRD-047,4/24/2027
LOT-0467,PRD-047,10/3/2028
LOT-0468,PRD-047,5/24/2026
LOT-0469,PRD-047,7/1/2026
LOT-0470,PRD-047,11/23/2025
LOT-0471,PRD-048,12/7/2028
LOT-0472,PRD-048,8/10/2025
LOT-0473,PRD-048,2/23/2027
LOT-0474,PRD-048,3/21/2025
LOT-0475,PRD-048,8/22/2027
LOT-0476,PRD-048,4/1/2026
LOT-0477,PRD-048,2/13/2026
LOT-0478,PRD-048,8/1/2027
LOT-0479,PRD-048,12/18/2026
LOT-0480,PRD-048,9/18/2026
LOT-0481,PRD-049,4/12/2026
LOT-0482,PRD-049,4/2/2026
LOT-0483,PRD-049,2/18/2025
LOT-0484,PRD-049,9/13/2028
LOT-0485,PRD-049,1/31/2026
LOT-0486,PRD-049,3/28/2027
LOT-0487,PRD-049,11/4/2026
LOT-0488,PRD-049,7/25/2026
LOT-0489,PRD-049,5/23/2025
LOT-0490,PRD-049,7/26/2026
LOT-0491,PRD-050,12/21/2026
LOT-0492,PRD-050,8/6/2028
LOT-0493,PRD-050,11/10/2027
LOT-0494,PRD-050,3/30/2027
LOT-0495,PRD-050,10/23/2028
LOT-0496,PRD-050,1/4/2028
LOT-0497,PRD-050,11/10/2026
LOT-0498,PRD-050,2/26/2025
LOT-0499,PRD-050,8/25/2025
LOT-0500,PRD-050,6/19/2026
LOT-0501,PRD-051,1/1/2026
LOT-0502,PRD-051,4/4/2028
LOT-0503,PRD-051,6/28/2026
LOT-0504,PRD-051,3/20/2025
LOT-0505,PRD-051,8/11/2025
LOT-0506,PRD-051,5/6/2028
LOT-0507,PRD-051,6/9/2027
LOT-0508,PRD-051,12/9/2026
LOT-0509,PRD-051,10/5/2026
LOT-0510,PRD-051,6/13/2027
LOT-0511,PRD-052,5/26/2028
LOT-0512,PRD-052,11/14/2027
LOT-0513,PRD-052,8/25/2025
LOT-0514,PRD-052,2/28/2027
LOT-0515,PRD-052,3/26/2028
LOT-0516,PRD-052,1/25/2026
LOT-0517,PRD-052,6/6/2026
LOT-0518,PRD-052,4/1/2025
LOT-0519,PRD-052,12/22/2028
LOT-0520,PRD-052,6/13/2027
LOT-0521,PRD-053,1/4/2025
LOT-0522,PRD-053,12/1/2027
LOT-0523,PRD-053,1/8/2028
LOT-0524,PRD-053,11/7/2028
LOT-0525,PRD-053,10/5/2028
LOT-0526,PRD-053,2/8/2026
LOT-0527,PRD-053,1/16/2027
LOT-0528,PRD-053,6/3/2027
LOT-0529,PRD-053,5/24/2025
LOT-0530,PRD-053,9/22/2028
LOT-0531,PRD-054,11/8/2026
LOT-0532,PRD-054,6/30/2028
LOT-0533,PRD-054,10/5/2026
LOT-0534,PRD-054,9/20/2028
LOT-0535,PRD-054,9/13/2025
LOT-0536,PRD-054,9/8/2026
LOT-0537,PRD-054,11/5/2027
LOT-0538,PRD-054,9/26/2026
LOT-0539,PRD-054,9/27/2028
LOT-0540,PRD-054,4/17/2027
LOT-0541,PRD-055,10/31/2026
LOT-0542,PRD-055,4/5/2027
LOT-0543,PRD-055,11/28/2028
LOT-0544,PRD-055,8/29/2026
LOT-0545,PRD-055,2/10/2028
LOT-0546,PRD-055,9/18/2025
LOT-0547,PRD-055,1/28/2026
LOT-0548,PRD-055,5/12/2027
LOT-0549,PRD-055,9/23/2028
LOT-0550,PRD-055,2/16/2027
LOT-0551,PRD-056,10/19/2028
LOT-0552,PRD-056,12/23/2025
LOT-0553,PRD-056,6/14/2028
LOT-0554,PRD-056,3/11/2028
LOT-0555,PRD-056,9/9/2026
LOT-0556,PRD-056,4/12/2027
LOT-0557,PRD-056,1/28/2028
LOT-0558,PRD-056,1/1/2025
LOT-0559,PRD-056,9/15/2026
LOT-0560,PRD-056,8/11/2026
LOT-0561,PRD-057,3/7/2026
LOT-0562,PRD-057,5/31/2027
LOT-0563,PRD-057,4/2/2028
LOT-0564,PRD-057,5/27/2028
LOT-0565,PRD-057,9/2/2028
LOT-0566,PRD-057,10/22/2026
LOT-0567,PRD-057,8/11/2027
LOT-0568,PRD-057,6/24/2027
LOT-0569,PRD-057,6/25/2027
LOT-0570,PRD-057,10/15/2028
LOT-0571,PRD-058,3/14/2026
LOT-0572,PRD-058,11/13/2027
LOT-0573,PRD-058,8/28/2027
LOT-0574,PRD-058,12/14/2025
LOT-0575,PRD-058,9/11/2028
LOT-0576,PRD-058,6/23/2025
LOT-0577,PRD-058,8/5/2026
LOT-0578,PRD-058,11/22/2027
LOT-0579,PRD-058,9/21/2028
LOT-0580,PRD-058,7/20/2028
LOT-0581,PRD-059,6/22/2028
LOT-0582,PRD-059,11/18/2026
LOT-0583,PRD-059,7/11/2025
LOT-0584,PRD-059,4/27/2026
LOT-0585,PRD-059,10/9/2028
LOT-0586,PRD-059,9/28/2026
LOT-0587,PRD-059,4/6/2026
LOT-0588,PRD-059,2/12/2026
LOT-0589,PRD-059,10/29/2025
LOT-0590,PRD-059,2/20/2025
LOT-0591,PRD-060,4/5/2025
LOT-0592,PRD-060,5/17/2026
LOT-0593,PRD-060,9/1/2027
LOT-0594,PRD-060,6/5/2028
LOT-0595,PRD-060,5/30/2025
LOT-0596,PRD-060,7/22/2027
LOT-0597,PRD-060,4/29/2027
LOT-0598,PRD-060,7/13/2028
LOT-0599,PRD-060,3/24/2028
LOT-0600,PRD-060,2/3/2026
LOT-0601,PRD-061,11/27/2028
LOT-0602,PRD-061,2/26/2027
LOT-0603,PRD-061,10/10/2027
LOT-0604,PRD-061,3/30/2027
LOT-0605,PRD-061,5/15/2026
LOT-0606,PRD-061,10/30/2025
LOT-0607,PRD-061,9/5/2028
LOT-0608,PRD-061,11/9/2028
LOT-0609,PRD-061,1/12/2025
LOT-0610,PRD-061,8/7/2025
LOT-0611,PRD-062,5/21/2027
LOT-0612,PRD-062,3/25/2026
LOT-0613,PRD-062,12/27/2025
LOT-0614,PRD-062,11/26/2028
LOT-0615,PRD-062,11/27/2027
LOT-0616,PRD-062,8/10/2027
LOT-0617,PRD-062,4/13/2025
LOT-0618,PRD-062,2/16/2028
LOT-0619,PRD-062,5/26/2026
LOT-0620,PRD-062,9/6/2025
LOT-0621,PRD-063,7/24/2027
LOT-0622,PRD-063,10/1/2025
LOT-0623,PRD-063,8/10/2027
LOT-0624,PRD-063,9/29/2028
LOT-0625,PRD-063,12/24/2027
LOT-0626,PRD-063,2/19/2028
LOT-0627,PRD-063,5/4/2028
LOT-0628,PRD-063,10/12/2026
LOT-0629,PRD-063,6/26/2027
LOT-0630,PRD-063,6/8/2028
LOT-0631,PRD-064,10/31/2027
LOT-0632,PRD-064,5/24/2027
LOT-0633,PRD-064,1/28/2028
LOT-0634,PRD-064,7/3/2027
LOT-0635,PRD-064,11/22/2025
LOT-0636,PRD-064,8/31/2027
LOT-0637,PRD-064,7/11/2027
LOT-0638,PRD-064,6/15/2026
LOT-0639,PRD-064,5/22/2026
LOT-0640,PRD-064,7/29/2028
LOT-0641,PRD-065,7/22/2026
LOT-0642,PRD-065,12/4/2027
LOT-0643,PRD-065,9/20/2027
LOT-0644,PRD-065,7/7/2028
LOT-0645,PRD-065,5/5/2026
LOT-0646,PRD-065,7/17/2026
LOT-0647,PRD-065,6/20/2027
LOT-0648,PRD-065,6/8/2025
LOT-0649,PRD-065,8/9/2026
LOT-0650,PRD-065,4/26/2026
LOT-0651,PRD-066,7/11/2026
LOT-0652,PRD-066,11/19/2026
LOT-0653,PRD-066,10/17/2026
LOT-0654,PRD-066,1/12/2028
LOT-0655,PRD-066,6/15/2025
LOT-0656,PRD-066,10/11/2025
LOT-0657,PRD-066,11/5/2025
LOT-0658,PRD-066,4/19/2026
LOT-0659,PRD-066,2/24/2027
LOT-0660,PRD-066,11/22/2028
LOT-0661,PRD-067,11/9/2025
LOT-0662,PRD-067,12/17/2028
LOT-0663,PRD-067,3/15/2026
LOT-0664,PRD-067,5/12/2025
LOT-0665,PRD-067,4/30/2027
LOT-0666,PRD-067,4/15/2027
LOT-0667,PRD-067,11/9/2026
LOT-0668,PRD-067,1/17/2028
LOT-0669,PRD-067,8/13/2027
LOT-0670,PRD-067,5/2/2027
LOT-0671,PRD-068,5/8/2025
LOT-0672,PRD-068,2/28/2026
LOT-0673,PRD-068,5/11/2027
LOT-0674,PRD-068,3/9/2027
LOT-0675,PRD-068,4/11/2028
LOT-0676,PRD-068,11/25/2028
LOT-0677,PRD-068,2/10/2025
LOT-0678,PRD-068,3/25/2028
LOT-0679,PRD-068,2/19/2027
LOT-0680,PRD-068,9/4/2027
LOT-0681,PRD-069,1/13/2025
LOT-0682,PRD-069,12/22/2026
LOT-0683,PRD-069,9/4/2026
LOT-0684,PRD-069,3/10/2027
LOT-0685,PRD-069,5/9/2027
LOT-0686,PRD-069,1/8/2028
LOT-0687,PRD-069,1/24/2028
LOT-0688,PRD-069,5/20/2028
LOT-0689,PRD-069,3/28/2026
LOT-0690,PRD-069,9/27/2027
LOT-0691,PRD-070,3/26/2026
LOT-0692,PRD-070,7/13/2026
LOT-0693,PRD-070,6/12/2027
LOT-0694,PRD-070,9/22/2027
LOT-0695,PRD-070,3/1/2025
LOT-0696,PRD-070,3/8/2027
LOT-0697,PRD-070,11/20/2026
LOT-0698,PRD-070,10/1/2028
LOT-0699,PRD-070,10/22/2028
LOT-0700,PRD-070,4/9/2027
LOT-0701,PRD-071,12/5/2025
LOT-0702,PRD-071,8/16/2027
LOT-0703,PRD-071,9/19/2025
LOT-0704,PRD-071,6/28/2028
LOT-0705,PRD-071,12/30/2027
LOT-0706,PRD-071,2/25/2025
LOT-0707,PRD-071,3/18/2027
LOT-0708,PRD-071,4/27/2028
LOT-0709,PRD-071,3/1/2028
LOT-0710,PRD-071,9/19/2028
LOT-0711,PRD-072,2/25/2025
LOT-0712,PRD-072,6/21/2025
LOT-0713,PRD-072,8/9/2028
LOT-0714,PRD-072,5/28/2027
LOT-0715,PRD-072,10/5/2025
LOT-0716,PRD-072,8/4/2027
LOT-0717,PRD-072,1/8/2026
LOT-0718,PRD-072,4/13/2025
LOT-0719,PRD-072,6/17/2026
LOT-0720,PRD-072,2/16/2027
LOT-0721,PRD-073,11/2/2026
LOT-0722,PRD-073,3/10/2026
LOT-0723,PRD-073,7/21/2027
LOT-0724,PRD-073,11/1/2026
LOT-0725,PRD-073,11/23/2026
LOT-0726,PRD-073,2/16/2027
LOT-0727,PRD-073,7/24/2026
LOT-0728,PRD-073,5/14/2027
LOT-0729,PRD-073,6/1/2026
LOT-0730,PRD-073,6/17/2025
LOT-0731,PRD-074,8/22/2027
LOT-0732,PRD-074,2/9/2025
LOT-0733,PRD-074,1/10/2028
LOT-0734,PRD-074,4/17/2025
LOT-0735,PRD-074,12/18/2026
LOT-0736,PRD-074,4/5/2026
LOT-0737,PRD-074,8/24/2028
LOT-0738,PRD-074,5/21/2025
LOT-0739,PRD-074,8/27/2028
LOT-0740,PRD-074,3/24/2025
LOT-0741,PRD-075,3/5/2025
LOT-0742,PRD-075,5/22/2026
LOT-0743,PRD-075,2/13/2026
LOT-0744,PRD-075,2/11/2025
LOT-0745,PRD-075,6/26/2028
LOT-0746,PRD-075,11/9/2025
LOT-0747,PRD-075,5/4/2026
LOT-0748,PRD-075,9/16/2025
LOT-0749,PRD-075,8/28/2027
LOT-0750,PRD-075,10/3/2028
LOT-0751,PRD-076,8/23/2025
LOT-0752,PRD-076,3/1/2028
LOT-0753,PRD-076,3/23/2026
LOT-0754,PRD-076,8/11/2027
LOT-0755,PRD-076,12/3/2028
LOT-0756,PRD-076,6/9/2026
LOT-0757,PRD-076,1/26/2027
LOT-0758,PRD-076,12/10/2025
LOT-0759,PRD-076,5/25/2028
LOT-0760,PRD-076,5/28/2028
LOT-0761,PRD-077,8/23/2025
LOT-0762,PRD-077,12/2/2025
LOT-0763,PRD-077,9/30/2026
LOT-0764,PRD-077,8/10/2025
LOT-0765,PRD-077,3/31/2028
LOT-0766,PRD-077,2/22/2025
LOT-0767,PRD-077,10/1/2026
LOT-0768,PRD-077,3/25/2028
LOT-0769,PRD-077,10/19/2028
LOT-0770,PRD-077,2/8/2027
LOT-0771,PRD-078,3/24/2027
LOT-0772,PRD-078,2/11/2026
LOT-0773,PRD-078,6/5/2025
LOT-0774,PRD-078,4/27/2028
LOT-0775,PRD-078,11/15/2028
LOT-0776,PRD-078,7/8/2028
LOT-0777,PRD-078,5/13/2026
LOT-0778,PRD-078,7/28/2025
LOT-0779,PRD-078,11/28/2028
LOT-0780,PRD-078,9/10/2026
LOT-0781,PRD-079,11/2/2028
LOT-0782,PRD-079,5/14/2028
LOT-0783,PRD-079,9/5/2025
LOT-0784,PRD-079,3/5/2028
LOT-0785,PRD-079,3/26/2025
LOT-0786,PRD-079,12/13/2026
LOT-0787,PRD-079,12/28/2027
LOT-0788,PRD-079,5/28/2027
LOT-0789,PRD-079,9/16/2028
LOT-0790,PRD-079,1/29/2027
LOT-0791,PRD-080,5/22/2025
LOT-0792,PRD-080,11/3/2027
LOT-0793,PRD-080,8/19/2028
LOT-0794,PRD-080,11/30/2026
LOT-0795,PRD-080,1/26/2025
LOT-0796,PRD-080,5/11/2027
LOT-0797,PRD-080,10/1/2027
LOT-0798,PRD-080,8/5/2025
LOT-0799,PRD-080,6/7/2027
LOT-0800,PRD-080,1/12/2027
LOT-0801,PRD-081,7/25/2028
LOT-0802,PRD-081,7/31/2027
LOT-0803,PRD-081,12/19/2028
LOT-0804,PRD-081,11/10/2025
LOT-0805,PRD-081,6/11/2027
LOT-0806,PRD-081,12/27/2025
LOT-0807,PRD-081,12/5/2027
LOT-0808,PRD-081,8/25/2028
LOT-0809,PRD-081,7/8/2026
LOT-0810,PRD-081,6/15/2028
LOT-0811,PRD-082,1/8/2028
LOT-0812,PRD-082,9/18/2027
LOT-0813,PRD-082,8/11/2027
LOT-0814,PRD-082,6/12/2027
LOT-0815,PRD-082,4/28/2028
LOT-0816,PRD-082,7/4/2026
LOT-0817,PRD-082,10/23/2026
LOT-0818,PRD-082,5/18/2026
LOT-0819,PRD-082,6/27/2025
LOT-0820,PRD-082,7/26/2026
LOT-0821,PRD-083,7/13/2027
LOT-0822,PRD-083,5/15/2026
LOT-0823,PRD-083,8/10/2027
LOT-0824,PRD-083,3/13/2028
LOT-0825,PRD-083,6/3/2028
LOT-0826,PRD-083,9/30/2028
LOT-0827,PRD-083,2/16/2027
LOT-0828,PRD-083,11/20/2026
LOT-0829,PRD-083,2/28/2025
LOT-0830,PRD-083,10/10/2027
LOT-0831,PRD-084,10/28/2026
LOT-0832,PRD-084,1/8/2026
LOT-0833,PRD-084,9/26/2027
LOT-0834,PRD-084,3/11/2026
LOT-0835,PRD-084,12/28/2026
LOT-0836,PRD-084,6/14/2026
LOT-0837,PRD-084,11/29/2026
LOT-0838,PRD-084,7/27/2026
LOT-0839,PRD-084,5/5/2028
LOT-0840,PRD-084,12/7/2028
LOT-0841,PRD-085,7/20/2026
LOT-0842,PRD-085,2/13/2028
LOT-0843,PRD-085,1/21/2025
LOT-0844,PRD-085,11/25/2027
LOT-0845,PRD-085,1/27/2026
LOT-0846,PRD-085,6/25/2025
LOT-0847,PRD-085,5/10/2026
LOT-0848,PRD-085,4/13/2027
LOT-0849,PRD-085,9/28/2027
LOT-0850,PRD-085,2/12/2028
LOT-0851,PRD-086,5/8/2026
LOT-0852,PRD-086,11/15/2028
LOT-0853,PRD-086,9/3/2027
LOT-0854,PRD-086,8/15/2028
LOT-0855,PRD-086,12/28/2028
LOT-0856,PRD-086,10/3/2027
LOT-0857,PRD-086,7/7/2027
LOT-0858,PRD-086,2/5/2025
LOT-0859,PRD-086,7/10/2025
LOT-0860,PRD-086,8/26/2026
LOT-0861,PRD-087,3/30/2026
LOT-0862,PRD-087,4/9/2027
LOT-0863,PRD-087,11/17/2028
LOT-0864,PRD-087,5/14/2026
LOT-0865,PRD-087,9/20/2026
LOT-0866,PRD-087,9/21/2028
LOT-0867,PRD-087,4/6/2028
LOT-0868,PRD-087,1/26/2027
LOT-0869,PRD-087,8/28/2027
LOT-0870,PRD-087,2/8/2028
LOT-0871,PRD-088,12/24/2027
LOT-0872,PRD-088,12/6/2026
LOT-0873,PRD-088,5/22/2027
LOT-0874,PRD-088,2/2/2028
LOT-0875,PRD-088,11/9/2026
LOT-0876,PRD-088,12/22/2026
LOT-0877,PRD-088,12/10/2028
LOT-0878,PRD-088,7/19/2027
LOT-0879,PRD-088,7/9/2026
LOT-0880,PRD-088,9/20/2026
LOT-0881,PRD-089,5/30/2026
LOT-0882,PRD-089,4/18/2026
LOT-0883,PRD-089,9/5/2025
LOT-0884,PRD-089,1/30/2026
LOT-0885,PRD-089,10/9/2026
LOT-0886,PRD-089,9/2/2025
LOT-0887,PRD-089,1/3/2028
LOT-0888,PRD-089,11/14/2028
LOT-0889,PRD-089,1/15/2026
LOT-0890,PRD-089,1/28/2026
LOT-0891,PRD-090,3/20/2026
LOT-0892,PRD-090,9/19/2027
LOT-0893,PRD-090,7/21/2026
LOT-0894,PRD-090,4/22/2028
LOT-0895,PRD-090,12/11/2027
LOT-0896,PRD-090,5/7/2028
LOT-0897,PRD-090,8/3/2026
LOT-0898,PRD-090,7/25/2025
LOT-0899,PRD-090,2/2/2026
LOT-0900,PRD-090,8/30/2026
LOT-0901,PRD-091,4/11/2026
LOT-0902,PRD-091,1/10/2027
LOT-0903,PRD-091,1/3/2026
LOT-0904,PRD-091,9/12/2026
LOT-0905,PRD-091,1/29/2025
LOT-0906,PRD-091,12/21/2028
LOT-0907,PRD-091,12/30/2027
LOT-0908,PRD-091,9/17/2025
LOT-0909,PRD-091,7/16/2026
LOT-0910,PRD-091,4/4/2025
LOT-0911,PRD-092,4/22/2025
LOT-0912,PRD-092,2/8/2028
LOT-0913,PRD-092,8/22/2026
LOT-0914,PRD-092,11/29/2028
LOT-0915,PRD-092,9/16/2025
LOT-0916,PRD-092,7/30/2028
LOT-0917,PRD-092,10/3/2027
LOT-0918,PRD-092,7/30/2025
LOT-0919,PRD-092,1/26/2025
LOT-0920,PRD-092,3/21/2028
LOT-0921,PRD-093,8/6/2026
LOT-0922,PRD-093,8/20/2027
LOT-0923,PRD-093,9/8/2027
LOT-0924,PRD-093,6/22/2027
LOT-0925,PRD-093,11/29/2026
LOT-0926,PRD-093,1/13/2026
LOT-0927,PRD-093,4/16/2025
LOT-0928,PRD-093,6/2/2026
LOT-0929,PRD-093,9/6/2027
LOT-0930,PRD-093,8/22/2025
LOT-0931,PRD-094,5/14/2025
LOT-0932,PRD-094,4/1/2027
LOT-0933,PRD-094,10/5/2027
LOT-0934,PRD-094,6/1/2025
LOT-0935,PRD-094,3/27/2028
LOT-0936,PRD-094,7/13/2028
LOT-0937,PRD-094,11/6/2028
LOT-0938,PRD-094,4/20/2025
LOT-0939,PRD-094,11/7/2025
LOT-0940,PRD-094,11/2/2025
LOT-0941,PRD-095,2/27/2028
LOT-0942,PRD-095,9/15/2026
LOT-0943,PRD-095,6/24/2025
LOT-0944,PRD-095,5/24/2026
LOT-0945,PRD-095,8/31/2025
LOT-0946,PRD-095,2/17/2028
LOT-0947,PRD-095,5/3/2027
LOT-0948,PRD-095,5/26/2028
LOT-0949,PRD-095,5/5/2028
LOT-0950,PRD-095,6/20/2028
LOT-0951,PRD-096,4/8/2026
LOT-0952,PRD-096,12/7/2027
LOT-0953,PRD-096,2/19/2027
LOT-0954,PRD-096,7/12/2027
LOT-0955,PRD-096,6/26/2027
LOT-0956,PRD-096,9/1/2026
LOT-0957,PRD-096,4/20/2028
LOT-0958,PRD-096,5/29/2027
LOT-0959,PRD-096,9/18/2026
LOT-0960,PRD-096,3/10/2028
LOT-0961,PRD-097,6/25/2028
LOT-0962,PRD-097,5/4/2025
LOT-0963,PRD-097,6/2/2028
LOT-0964,PRD-097,7/23/2025
LOT-0965,PRD-097,3/2/2026
LOT-0966,PRD-097,7/5/2028
LOT-0967,PRD-097,3/9/2026
LOT-0968,PRD-097,6/26/2026
LOT-0969,PRD-097,9/14/2028
LOT-0970,PRD-097,6/16/2025
LOT-0971,PRD-098,11/18/2025
LOT-0972,PRD-098,5/7/2026
LOT-0973,PRD-098,12/22/2025
LOT-0974,PRD-098,2/5/2028
LOT-0975,PRD-098,6/3/2025
LOT-0976,PRD-098,11/17/2025
LOT-0977,PRD-098,1/6/2025
LOT-0978,PRD-098,4/17/2027
LOT-0979,PRD-098,7/12/2027
LOT-0980,PRD-098,11/12/2028
LOT-0981,PRD-099,5/1/2028
LOT-0982,PRD-099,8/21/2027
LOT-0983,PRD-099,8/20/2026
LOT-0984,PRD-099,3/8/2025
LOT-0985,PRD-099,4/20/2026
LOT-0986,PRD-099,8/14/2026
LOT-0987,PRD-099,12/18/2028
LOT-0988,PRD-099,8/3/2026
LOT-0989,PRD-099,12/10/2028
LOT-0990,PRD-099,7/19/2027
LOT-0991,PRD-100,5/26/2025
LOT-0992,PRD-100,11/8/2028
LOT-0993,PRD-100,4/24/2026
LOT-0994,PRD-100,6/26/2026
LOT-0995,PRD-100,7/4/2028
LOT-0996,PRD-100,4/22/2028
LOT-0997,PRD-100,9/16/2028
LOT-0998,PRD-100,2/10/2026
LOT-0999,PRD-100,5/21/2027
LOT-1000,PRD-100,8/24/2025
LOT-1001,PRD-101,1/21/2028
LOT-1002,PRD-101,4/6/2026
LOT-1003,PRD-101,8/19/2028
LOT-1004,PRD-101,11/2/2025
LOT-1005,PRD-101,6/29/2026
LOT-1006,PRD-101,10/19/2025
LOT-1007,PRD-101,5/27/2025
LOT-1008,PRD-101,5/3/2025
LOT-1009,PRD-101,12/6/2025
LOT-1010,PRD-101,9/22/2026
LOT-1011,PRD-102,5/3/2028
LOT-1012,PRD-102,3/11/2028
LOT-1013,PRD-102,8/15/2026
LOT-1014,PRD-102,6/19/2027
LOT-1015,PRD-102,9/12/2025
LOT-1016,PRD-102,8/18/2027
LOT-1017,PRD-102,11/11/2028
LOT-1018,PRD-102,9/15/2026
LOT-1019,PRD-102,12/4/2028
LOT-1020,PRD-102,4/5/2027
LOT-1021,PRD-103,7/12/2026
LOT-1022,PRD-103,10/22/2027
LOT-1023,PRD-103,1/11/2028
LOT-1024,PRD-103,10/9/2027
LOT-1025,PRD-103,6/16/2027
LOT-1026,PRD-103,6/14/2025
LOT-1027,PRD-103,5/9/2028
LOT-1028,PRD-103,3/23/2025
LOT-1029,PRD-103,6/4/2027
LOT-1030,PRD-103,10/23/2026
LOT-1031,PRD-104,5/21/2028
LOT-1032,PRD-104,5/28/2026
LOT-1033,PRD-104,2/22/2025
LOT-1034,PRD-104,7/7/2025
LOT-1035,PRD-104,4/14/2026
LOT-1036,PRD-104,10/12/2028
LOT-1037,PRD-104,3/24/2028
LOT-1038,PRD-104,4/17/2028
LOT-1039,PRD-104,2/12/2025
LOT-1040,PRD-104,10/8/2028
LOT-1041,PRD-105,7/6/2026
LOT-1042,PRD-105,3/26/2028
LOT-1043,PRD-105,3/24/2025
LOT-1044,PRD-105,12/25/2025
LOT-1045,PRD-105,8/22/2027
LOT-1046,PRD-105,11/29/2027
LOT-1047,PRD-105,8/27/2028
LOT-1048,PRD-105,6/25/2027
LOT-1049,PRD-105,7/24/2026
LOT-1050,PRD-105,1/7/2026
LOT-1051,PRD-106,4/13/2028
LOT-1052,PRD-106,6/12/2027
LOT-1053,PRD-106,7/24/2028
LOT-1054,PRD-106,10/5/2027
LOT-1055,PRD-106,7/6/2025
LOT-1056,PRD-106,8/21/2027
LOT-1057,PRD-106,12/14/2026
LOT-1058,PRD-106,4/17/2027
LOT-1059,PRD-106,11/14/2026
LOT-1060,PRD-106,10/20/2026
LOT-1061,PRD-107,10/4/2028
LOT-1062,PRD-107,8/3/2025
LOT-1063,PRD-107,11/26/2025
LOT-1064,PRD-107,11/7/2026
LOT-1065,PRD-107,4/24/2027
LOT-1066,PRD-107,11/21/2028
LOT-1067,PRD-107,10/12/2027
LOT-1068,PRD-107,8/14/2026
LOT-1069,PRD-107,9/18/2028
LOT-1070,PRD-107,4/1/2027
LOT-1071,PRD-108,2/1/2028
LOT-1072,PRD-108,3/17/2025
LOT-1073,PRD-108,7/21/2027
LOT-1074,PRD-108,6/30/2025
LOT-1075,PRD-108,10/7/2026
LOT-1076,PRD-108,6/1/2026
LOT-1077,PRD-108,10/25/2026
LOT-1078,PRD-108,8/26/2025
LOT-1079,PRD-108,4/8/2027
LOT-1080,PRD-108,11/20/2027
LOT-1081,PRD-109,1/3/2025
LOT-1082,PRD-109,9/8/2028
LOT-1083,PRD-109,1/17/2028
LOT-1084,PRD-109,8/5/2027
LOT-1085,PRD-109,4/27/2027
LOT-1086,PRD-109,4/22/2025
LOT-1087,PRD-109,1/20/2026
LOT-1088,PRD-109,11/28/2027
LOT-1089,PRD-109,1/11/2027
LOT-1090,PRD-109,6/29/2028
LOT-1091,PRD-110,10/18/2027
LOT-1092,PRD-110,7/4/2028
LOT-1093,PRD-110,6/25/2027
LOT-1094,PRD-110,4/16/2025
LOT-1095,PRD-110,2/21/2026
LOT-1096,PRD-110,7/1/2026
LOT-1097,PRD-110,1/30/2028
LOT-1098,PRD-110,9/26/2025
LOT-1099,PRD-110,8/13/2026
LOT-1100,PRD-110,6/17/2027
LOT-1101,PRD-111,12/1/2028
LOT-1102,PRD-111,9/20/2027
LOT-1103,PRD-111,9/6/2025
LOT-1104,PRD-111,3/1/2025
LOT-1105,PRD-111,7/14/2028
LOT-1106,PRD-111,5/31/2028
LOT-1107,PRD-111,5/6/2026
LOT-1108,PRD-111,12/24/2028
LOT-1109,PRD-111,11/21/2025
LOT-1110,PRD-111,9/29/2026
LOT-1111,PRD-112,2/3/2028
LOT-1112,PRD-112,1/29/2025
LOT-1113,PRD-112,2/6/2028
LOT-1114,PRD-112,4/16/2027
LOT-1115,PRD-112,7/10/2025
LOT-1116,PRD-112,4/6/2026
LOT-1117,PRD-112,8/21/2025
LOT-1118,PRD-112,8/4/2027
LOT-1119,PRD-112,8/29/2025
LOT-1120,PRD-112,8/19/2028
LOT-1121,PRD-113,11/12/2025
LOT-1122,PRD-113,10/18/2027
LOT-1123,PRD-113,8/21/2026
LOT-1124,PRD-113,11/9/2027
LOT-1125,PRD-113,12/15/2028
LOT-1126,PRD-113,7/14/2026
LOT-1127,PRD-113,5/1/2027
LOT-1128,PRD-113,9/16/2027
LOT-1129,PRD-113,8/26/2027
LOT-1130,PRD-113,5/15/2026
LOT-1131,PRD-114,7/25/2027
LOT-1132,PRD-114,2/3/2028
LOT-1133,PRD-114,10/24/2025
LOT-1134,PRD-114,2/25/2027
LOT-1135,PRD-114,1/26/2026
LOT-1136,PRD-114,5/12/2028
LOT-1137,PRD-114,11/7/2027
LOT-1138,PRD-114,10/7/2025
LOT-1139,PRD-114,5/23/2025
LOT-1140,PRD-114,7/20/2026
LOT-1141,PRD-115,4/30/2027
LOT-1142,PRD-115,11/28/2026
LOT-1143,PRD-115,11/6/2027
LOT-1144,PRD-115,7/2/2026
LOT-1145,PRD-115,1/6/2025
LOT-1146,PRD-115,8/3/2026
LOT-1147,PRD-115,9/4/2026
LOT-1148,PRD-115,4/17/2028
LOT-1149,PRD-115,4/2/2028
LOT-1150,PRD-115,9/13/2028
LOT-1151,PRD-116,9/30/2027
LOT-1152,PRD-116,11/1/2025
LOT-1153,PRD-116,7/4/2027
LOT-1154,PRD-116,1/9/2028
LOT-1155,PRD-116,9/19/2027
LOT-1156,PRD-116,12/8/2026
LOT-1157,PRD-116,11/12/2026
LOT-1158,PRD-116,2/5/2028
LOT-1159,PRD-116,1/18/2028
LOT-1160,PRD-116,2/12/2027
LOT-1161,PRD-117,7/22/2027
LOT-1162,PRD-117,10/22/2026
LOT-1163,PRD-117,1/22/2026
LOT-1164,PRD-117,11/29/2028
LOT-1165,PRD-117,5/5/2026
LOT-1166,PRD-117,3/17/2028
LOT-1167,PRD-117,2/24/2027
LOT-1168,PRD-117,4/24/2026
LOT-1169,PRD-117,4/22/2027
LOT-1170,PRD-117,3/31/2025
LOT-1171,PRD-118,10/14/2026
LOT-1172,PRD-118,8/27/2027
LOT-1173,PRD-118,12/15/2028
LOT-1174,PRD-118,2/20/2027
LOT-1175,PRD-118,3/2/2027
LOT-1176,PRD-118,9/21/2028
LOT-1177,PRD-118,8/28/2028
LOT-1178,PRD-118,11/8/2025
LOT-1179,PRD-118,10/12/2027
LOT-1180,PRD-118,3/17/2025
LOT-1181,PRD-119,9/16/2025
LOT-1182,PRD-119,10/26/2027
LOT-1183,PRD-119,4/23/2028
LOT-1184,PRD-119,11/11/2026
LOT-1185,PRD-119,7/25/2025
LOT-1186,PRD-119,6/21/2027
LOT-1187,PRD-119,7/24/2025
LOT-1188,PRD-119,12/14/2027
LOT-1189,PRD-119,7/25/2027
LOT-1190,PRD-119,2/1/2025
LOT-1191,PRD-120,10/23/2025
LOT-1192,PRD-120,4/20/2027
LOT-1193,PRD-120,9/2/2028
LOT-1194,PRD-120,11/13/2025
LOT-1195,PRD-120,6/3/2025
LOT-1196,PRD-120,8/20/2027
LOT-1197,PRD-120,6/27/2026
LOT-1198,PRD-120,11/25/2026
LOT-1199,PRD-120,6/30/2028
LOT-1200,PRD-120,11/19/2028
